Position,PositionAlias
Web Developer,JavaScript
Web Developer,React
Web Developer,CSS
Web Developer,HTML5
Web Developer,Python
Web Developer,Java
Web Developer,Angular
Web Developer,SQL
Web Developer,Node.js
Web Developer,NET
Web Developer,PHP
Web Developer,Ruby
Web Developer,XML
Web Developer,C
Web Developer,Perl
Web Developer,Web developer entry level
Web Developer,Front end developer
Web Developer,Software developer
Web Developer,Software enginner
Web Developer,Junior web developer
Web Developer,Web designer
Web Developer,Work from home
Web Developer,Developer
Web Developer,Full stack developer
Web Developer,Front end web developer
